{"schemaVersion":"1.0","appDefinitionTemplate":{"id":"/providers/Microsoft.PowerApps/apps/","type":"Microsoft.PowerApps/apps","tags":{"primaryDeviceWidth":"1366","primaryDeviceHeight":"768","sienaVersion":"20220123T200818Z-3.21123.25.0","deviceCapabilities":"","supportsPortrait":"true","supportsLandscape":"true","primaryFormFactor":"Tablet","publisherVersion":"3.21123.25","minimumRequiredApiVersion":"2.2.0","hasComponent":"true","hasUnlockedComponent":"true","isUnifiedRootApp":"false"},"properties":{"appVersion":"2022-01-23T20:08:18Z","lifeCycleId":"Published","createdByClientVersion":{"major":3,"minor":21123,"build":25,"revision":0,"majorRevision":0,"minorRevision":0},"minClientVersion":{"major":3,"minor":21123,"build":25,"revision":0,"majorRevision":0,"minorRevision":0},"backgroundColor":"RGBA(0,176,240,1)","backgroundImageUri":"/15314282717679709364/Nc8b2f226-3e98-4187-9003-ebdb828952b5-logoSmallFile","displayName":"Project1","description":"","commitMessage":"","appUris":{"documentUri":{"value":"/15314282717679709364/N038eea03-2770-4fe2-9307-c5713ee31a3d-document.msapp"},"imageUris":[]},"createdTime":"0001-01-01T00:00:00Z","lastModifiedTime":"0001-01-01T00:00:00Z","sharedGroupsCount":0,"sharedUsersCount":0,"icons":{"smallIconUri":"/15314282717679709364/N9aac7c8a-a93c-4b3a-a117-dc1b1ed73ec6-small.png","mediumIconUri":"/15314282717679709364/N3c4a1bb0-efbd-4531-a88c-831997428bd3-medium.png","largeIconUri":"/15314282717679709364/Nd3651ddf-59b5-4a54-8b61-bc314210418b-large.png","wideIconUri":"/15314282717679709364/Nf7cf2cee-c776-4547-836d-82871a8ddadb-wide.png"},"connectionReferences":{"e40f47a8-b220-46a5-929e-6c8422a7364c":{"id":"6e1a1e8a-6dfb-41da-963f-e1c7b5f12e08","displayName":"SharePoint","iconUri":"https://connectoricons-prod.azureedge.net/releases/v1.0.1539/1.0.1539.2620/sharepointonline/icon.png","dataSources":["Project1"],"dependencies":[],"dependents":[],"parameterHints":{},"parameterHintsV2":{},"isOnPremiseConnection":false,"dataSets":{"https://revature575.sharepoint.com/sites/helloo":{"dataSources":{"Project1":{"tableName":"0e2c663c-b64d-4398-9eae-ed54b5681a03"}}}},"apiTier":"Standard","isCustomApiConnection":false,"actions":["providers/PowerPlatform.Governance/Operations/Read","providers/PowerPlatform.Governance/Operations/Write"]},"d78e764e-15e3-44ce-b852-22623ce26fbc":{"id":"0fe62cbf-0f85-4a3a-8f97-7e30f6d0919a","displayName":"Office 365 Outlook","iconUri":"https://connectoricons-prod.azureedge.net/releases/v1.0.1538/1.0.1538.2621/office365/icon.png","dataSources":["Office365Outlook"],"dependencies":[],"dependents":[],"parameterHints":{},"parameterHintsV2":{},"isOnPremiseConnection":false,"dataSets":{},"apiTier":"Standard","isCustomApiConnection":false}},"databaseReferences":{},"almMode":"Environment","performanceOptimizationEnabled":true,"canConsumeAppPass":true,"executionRestrictions":{"isTeamsOnly":false,"dataLossPreventionEvaluationResult":{"status":"Compliant","lastEvaluationDate":"2022-01-23T20:08:34.6670973Z","violations":[],"violationsByPolicy":[],"violationErrorMessage":"The app uses the following connectors: shared_sharepointonline, shared_office365."}}},"appType":"ClassicCanvasApp","appComponents":[]}}